{"Vietnam":{"dollar":2.94657727292138},"Argentina":{"dollar":4.56956976338923},"Australia":{"dollar":4.62567999999999},"Austria":{"dollar":4.75},"Azerbaijan":{"dollar":2.76755483586044},"Bahrain":{"dollar":4.24403183023873},"Brazil":{"dollar":4.24722956368526},"Britain":{"dollar":4.44000577561728},"Canada":{"dollar":5.25152232090913},"Chile":{"dollar":3.66207650508652},"China":{"dollar":3.55695198855847},"Colombia":{"dollar":3.48071057716933},"Costa Rica":{"dollar":3.9079493588751},"Croatia":{"dollar":3.68427157175119},"Czechia":{"dollar":3.97157190635452},"Denmark":{"dollar":4.79},"Egypt":{"dollar":2.42808128793877},"Germany":{"dollar":4.76507659988729},"Guatemala":{"dollar":3.36443276957518},"Greece":{"dollar":4.12},"Honduras":{"dollar":3.61568149502336},"Hong Kong":{"dollar":2.67517627500812},"Hungary":{"dollar":2.64750081706245},"India":{"dollar":2.38895427591546},"Indonesia":{"dollar":2.33683859122016},"Israel":{"dollar":4.94552648038517},"Japan":{"dollar":2.82885431400283},"Jordan":{"dollar":3.23875237625854},"Kuwait":{"dollar":4.22901756668835},"Lebanon":{"dollar":5.078125},"Malaysia":{"dollar":2.44943820224719},"Mexico":{"dollar":3.42927127985303},"Moldova":{"dollar":3.10913047984247},"Netherlands":{"dollar":4.6},"New Zealand":{"dollar":4.427205},"Nicaragua":{"dollar":3.87294511005851},"Norway":{"dollar":6.26411319858754},"Oman":{"dollar":3.68831168831169},"Pakistan":{"dollar":3.15670800450958},"Peru":{"dollar":3.57064875348395},"Philippines":{"dollar":2.75482093663912},"Poland":{"dollar":3.58829287181749},"Portugal":{"dollar":4.15},"Qatar":{"dollar":3.56971236356147},"Romania":{"dollar":2.28132939285529},"Russia":{"dollar":3.1},"Saudi Arabia":{"dollar":4.52729693741678},"Singapore":{"dollar":4.24033347707345},"Slovakia":{"dollar":3.9},"South Africa":{"dollar":2.34206471494607},"South Korea":{"dollar":3.50222695953405},"Spain":{"dollar":4.1},"Sri Lanka":{"dollar":3.72222222222222},"Sweden":{"dollar":5.58941345479684},"Switzerland":{"dollar":6.71175589860086},"Taiwan":{"dollar":2.5077321742038},"Thailand":{"dollar":3.49607374530557},"Turkey":{"dollar":2.6757756902932},"United Arab Emirates":{"dollar":4.9005594805407},"United States":{"dollar":5.15},"Uruguay":{"dollar":6.08446671438797},"Venezuela":{"dollar":1.7626736233519}}